Epoch: [0][0/1], lr: 0.00100	Time 8.137 (8.137)	Data 3.652 (3.652)	Loss 2.2996 (2.2996)	Prec@1 2.300 (2.300)	Prec@5 2.300 (2.300)
Epoch: [1][0/1], lr: 0.00100	Time 3.901 (3.901)	Data 3.630 (3.630)	Loss 2.2994 (2.2994)	Prec@1 2.299 (2.299)	Prec@5 2.299 (2.299)
Epoch: [2][0/1], lr: 0.00100	Time 3.787 (3.787)	Data 3.626 (3.626)	Loss 2.3008 (2.3008)	Prec@1 2.301 (2.301)	Prec@5 2.301 (2.301)
Epoch: [3][0/1], lr: 0.00100	Time 3.779 (3.779)	Data 3.614 (3.614)	Loss 2.2999 (2.2999)	Prec@1 2.300 (2.300)	Prec@5 2.300 (2.300)
Epoch: [4][0/1], lr: 0.00100	Time 3.660 (3.660)	Data 3.498 (3.498)	Loss 2.2987 (2.2987)	Prec@1 2.299 (2.299)	Prec@5 2.299 (2.299)
Test: [0/1]	Time 3.440 (3.440)	Loss 2.2992 (2.2992)	Prec@1 2.299 (2.299)	Prec@5 2.299 (2.299)
Testing Results: Prec@1 2.299 Prec@5 2.299 Loss 2.29923 
Best Prec@1: 0.000
Epoch: [5][0/1], lr: 0.00100	Time 3.845 (3.845)	Data 3.516 (3.516)	Loss 2.2977 (2.2977)	Prec@1 2.298 (2.298)	Prec@5 2.298 (2.298)
Epoch: [6][0/1], lr: 0.00100	Time 3.685 (3.685)	Data 3.523 (3.523)	Loss 2.2961 (2.2961)	Prec@1 2.296 (2.296)	Prec@5 2.296 (2.296)
Epoch: [7][0/1], lr: 0.00100	Time 3.664 (3.664)	Data 3.503 (3.503)	Loss 2.2948 (2.2948)	Prec@1 2.295 (2.295)	Prec@5 2.295 (2.295)
Epoch: [8][0/1], lr: 0.00100	Time 3.683 (3.683)	Data 3.516 (3.516)	Loss 2.2949 (2.2949)	Prec@1 2.295 (2.295)	Prec@5 2.295 (2.295)
Epoch: [9][0/1], lr: 0.00100	Time 3.697 (3.697)	Data 3.532 (3.532)	Loss 2.2938 (2.2938)	Prec@1 2.294 (2.294)	Prec@5 2.294 (2.294)
Test: [0/1]	Time 2.881 (2.881)	Loss 2.2938 (2.2938)	Prec@1 2.294 (2.294)	Prec@5 2.294 (2.294)
Testing Results: Prec@1 2.294 Prec@5 2.294 Loss 2.29376 
Best Prec@1: 2.299
Epoch: [10][0/1], lr: 0.00100	Time 3.670 (3.670)	Data 3.507 (3.507)	Loss 2.2926 (2.2926)	Prec@1 2.293 (2.293)	Prec@5 2.293 (2.293)
Epoch: [11][0/1], lr: 0.00100	Time 3.687 (3.687)	Data 3.523 (3.523)	Loss 2.2908 (2.2908)	Prec@1 2.291 (2.291)	Prec@5 2.291 (2.291)
Epoch: [12][0/1], lr: 0.00100	Time 3.718 (3.718)	Data 3.557 (3.557)	Loss 2.2932 (2.2932)	Prec@1 2.293 (2.293)	Prec@5 2.293 (2.293)
Epoch: [13][0/1], lr: 0.00100	Time 3.653 (3.653)	Data 3.492 (3.492)	Loss 2.2880 (2.2880)	Prec@1 2.288 (2.288)	Prec@5 2.288 (2.288)
Epoch: [14][0/1], lr: 0.00100	Time 3.650 (3.650)	Data 3.490 (3.490)	Loss 2.2854 (2.2854)	Prec@1 2.285 (2.285)	Prec@5 2.285 (2.285)
Test: [0/1]	Time 2.868 (2.868)	Loss 2.2871 (2.2871)	Prec@1 2.287 (2.287)	Prec@5 2.287 (2.287)
Testing Results: Prec@1 2.287 Prec@5 2.287 Loss 2.28712 
Best Prec@1: 2.299
Epoch: [15][0/1], lr: 0.00100	Time 3.719 (3.719)	Data 3.555 (3.555)	Loss 2.2871 (2.2871)	Prec@1 2.287 (2.287)	Prec@5 2.287 (2.287)
Epoch: [16][0/1], lr: 0.00100	Time 3.648 (3.648)	Data 3.485 (3.485)	Loss 2.2860 (2.2860)	Prec@1 2.286 (2.286)	Prec@5 2.286 (2.286)
Epoch: [17][0/1], lr: 0.00100	Time 3.680 (3.680)	Data 3.515 (3.515)	Loss 2.2844 (2.2844)	Prec@1 2.284 (2.284)	Prec@5 2.284 (2.284)
Epoch: [18][0/1], lr: 0.00100	Time 4.334 (4.334)	Data 4.178 (4.178)	Loss 2.2803 (2.2803)	Prec@1 2.280 (2.280)	Prec@5 2.280 (2.280)
Epoch: [19][0/1], lr: 0.00100	Time 3.762 (3.762)	Data 3.598 (3.598)	Loss 2.2769 (2.2769)	Prec@1 2.277 (2.277)	Prec@5 2.277 (2.277)
Test: [0/1]	Time 2.901 (2.901)	Loss 2.2795 (2.2795)	Prec@1 2.280 (2.280)	Prec@5 2.280 (2.280)
Testing Results: Prec@1 2.280 Prec@5 2.280 Loss 2.27953 
Best Prec@1: 2.299
Epoch: [20][0/1], lr: 0.00100	Time 3.660 (3.660)	Data 3.497 (3.497)	Loss 2.2745 (2.2745)	Prec@1 2.275 (2.275)	Prec@5 2.275 (2.275)
Epoch: [21][0/1], lr: 0.00100	Time 3.685 (3.685)	Data 3.517 (3.517)	Loss 2.2773 (2.2773)	Prec@1 2.277 (2.277)	Prec@5 2.277 (2.277)
Epoch: [22][0/1], lr: 0.00100	Time 3.773 (3.773)	Data 3.608 (3.608)	Loss 2.2749 (2.2749)	Prec@1 2.275 (2.275)	Prec@5 2.275 (2.275)
Epoch: [23][0/1], lr: 0.00100	Time 3.652 (3.652)	Data 3.490 (3.490)	Loss 2.2714 (2.2714)	Prec@1 2.271 (2.271)	Prec@5 2.271 (2.271)
Epoch: [24][0/1], lr: 0.00100	Time 3.652 (3.652)	Data 3.488 (3.488)	Loss 2.2707 (2.2707)	Prec@1 2.271 (2.271)	Prec@5 2.271 (2.271)
Test: [0/1]	Time 2.873 (2.873)	Loss 2.2698 (2.2698)	Prec@1 2.270 (2.270)	Prec@5 2.270 (2.270)
Testing Results: Prec@1 2.270 Prec@5 2.270 Loss 2.26980 
Best Prec@1: 2.299
Epoch: [25][0/1], lr: 0.00100	Time 3.751 (3.751)	Data 3.586 (3.586)	Loss 2.2687 (2.2687)	Prec@1 2.269 (2.269)	Prec@5 2.269 (2.269)
Epoch: [26][0/1], lr: 0.00100	Time 3.652 (3.652)	Data 3.486 (3.486)	Loss 2.2670 (2.2670)	Prec@1 2.267 (2.267)	Prec@5 2.267 (2.267)
Epoch: [27][0/1], lr: 0.00100	Time 3.613 (3.613)	Data 3.448 (3.448)	Loss 2.2623 (2.2623)	Prec@1 2.262 (2.262)	Prec@5 2.262 (2.262)
Epoch: [28][0/1], lr: 0.00100	Time 3.635 (3.635)	Data 3.472 (3.472)	Loss 2.2633 (2.2633)	Prec@1 2.263 (2.263)	Prec@5 2.263 (2.263)
Epoch: [29][0/1], lr: 0.00100	Time 3.711 (3.711)	Data 3.544 (3.544)	Loss 2.2567 (2.2567)	Prec@1 2.257 (2.257)	Prec@5 2.257 (2.257)
Test: [0/1]	Time 2.854 (2.854)	Loss 2.2579 (2.2579)	Prec@1 2.258 (2.258)	Prec@5 2.258 (2.258)
Testing Results: Prec@1 2.258 Prec@5 2.258 Loss 2.25793 
Best Prec@1: 2.299
Epoch: [30][0/1], lr: 0.00100	Time 3.629 (3.629)	Data 3.465 (3.465)	Loss 2.2567 (2.2567)	Prec@1 2.257 (2.257)	Prec@5 2.257 (2.257)
Epoch: [31][0/1], lr: 0.00100	Time 3.622 (3.622)	Data 3.461 (3.461)	Loss 2.2555 (2.2555)	Prec@1 2.255 (2.255)	Prec@5 2.255 (2.255)
Epoch: [32][0/1], lr: 0.00100	Time 3.667 (3.667)	Data 3.506 (3.506)	Loss 2.2510 (2.2510)	Prec@1 2.251 (2.251)	Prec@5 2.251 (2.251)
Epoch: [33][0/1], lr: 0.00100	Time 3.635 (3.635)	Data 3.470 (3.470)	Loss 2.2490 (2.2490)	Prec@1 2.249 (2.249)	Prec@5 2.249 (2.249)
Epoch: [34][0/1], lr: 0.00100	Time 3.615 (3.615)	Data 3.446 (3.446)	Loss 2.2457 (2.2457)	Prec@1 2.246 (2.246)	Prec@5 2.246 (2.246)
Test: [0/1]	Time 2.856 (2.856)	Loss 2.2453 (2.2453)	Prec@1 2.245 (2.245)	Prec@5 2.245 (2.245)
Testing Results: Prec@1 2.245 Prec@5 2.245 Loss 2.24534 
Best Prec@1: 2.299
Epoch: [35][0/1], lr: 0.00100	Time 3.665 (3.665)	Data 3.499 (3.499)	Loss 2.2453 (2.2453)	Prec@1 2.245 (2.245)	Prec@5 2.245 (2.245)
Epoch: [36][0/1], lr: 0.00100	Time 3.617 (3.617)	Data 3.453 (3.453)	Loss 2.2443 (2.2443)	Prec@1 2.244 (2.244)	Prec@5 2.244 (2.244)
Epoch: [37][0/1], lr: 0.00100	Time 3.612 (3.612)	Data 3.440 (3.440)	Loss 2.2456 (2.2456)	Prec@1 2.246 (2.246)	Prec@5 2.246 (2.246)
Epoch: [38][0/1], lr: 0.00100	Time 3.628 (3.628)	Data 3.463 (3.463)	Loss 2.2377 (2.2377)	Prec@1 2.238 (2.238)	Prec@5 2.238 (2.238)
Epoch: [39][0/1], lr: 0.00100	Time 3.651 (3.651)	Data 3.487 (3.487)	Loss 2.2381 (2.2381)	Prec@1 2.238 (2.238)	Prec@5 2.238 (2.238)
Test: [0/1]	Time 2.856 (2.856)	Loss 2.2324 (2.2324)	Prec@1 2.232 (2.232)	Prec@5 2.232 (2.232)
Testing Results: Prec@1 2.232 Prec@5 2.232 Loss 2.23238 
Best Prec@1: 2.299
Epoch: [40][0/1], lr: 0.00100	Time 3.632 (3.632)	Data 3.467 (3.467)	Loss 2.2280 (2.2280)	Prec@1 2.228 (2.228)	Prec@5 2.228 (2.228)
Epoch: [41][0/1], lr: 0.00100	Time 3.639 (3.639)	Data 3.474 (3.474)	Loss 2.2260 (2.2260)	Prec@1 2.226 (2.226)	Prec@5 2.226 (2.226)
Epoch: [42][0/1], lr: 0.00100	Time 3.637 (3.637)	Data 3.472 (3.472)	Loss 2.2201 (2.2201)	Prec@1 2.220 (2.220)	Prec@5 2.220 (2.220)
Epoch: [43][0/1], lr: 0.00100	Time 3.627 (3.627)	Data 3.456 (3.456)	Loss 2.2283 (2.2283)	Prec@1 2.228 (2.228)	Prec@5 2.228 (2.228)
Epoch: [44][0/1], lr: 0.00100	Time 3.638 (3.638)	Data 3.472 (3.472)	Loss 2.2184 (2.2184)	Prec@1 2.218 (2.218)	Prec@5 2.218 (2.218)
Test: [0/1]	Time 2.884 (2.884)	Loss 2.2196 (2.2196)	Prec@1 2.220 (2.220)	Prec@5 2.220 (2.220)
Testing Results: Prec@1 2.220 Prec@5 2.220 Loss 2.21957 
Best Prec@1: 2.299
Epoch: [45][0/1], lr: 0.00100	Time 3.642 (3.642)	Data 3.477 (3.477)	Loss 2.2224 (2.2224)	Prec@1 2.222 (2.222)	Prec@5 2.222 (2.222)
Epoch: [46][0/1], lr: 0.00100	Time 3.645 (3.645)	Data 3.481 (3.481)	Loss 2.2151 (2.2151)	Prec@1 2.215 (2.215)	Prec@5 2.215 (2.215)
Epoch: [47][0/1], lr: 0.00100	Time 3.645 (3.645)	Data 3.482 (3.482)	Loss 2.2140 (2.2140)	Prec@1 2.214 (2.214)	Prec@5 2.214 (2.214)
Epoch: [48][0/1], lr: 0.00100	Time 3.701 (3.701)	Data 3.534 (3.534)	Loss 2.2143 (2.2143)	Prec@1 2.214 (2.214)	Prec@5 2.214 (2.214)
Epoch: [49][0/1], lr: 0.00100	Time 4.031 (4.031)	Data 3.867 (3.867)	Loss 2.2112 (2.2112)	Prec@1 2.211 (2.211)	Prec@5 2.211 (2.211)
Test: [0/1]	Time 3.179 (3.179)	Loss 2.2071 (2.2071)	Prec@1 2.207 (2.207)	Prec@5 2.207 (2.207)
Testing Results: Prec@1 2.207 Prec@5 2.207 Loss 2.20712 
Best Prec@1: 2.299
Epoch: [50][0/1], lr: 0.00010	Time 3.886 (3.886)	Data 3.725 (3.725)	Loss 2.2141 (2.2141)	Prec@1 2.214 (2.214)	Prec@5 2.214 (2.214)
Epoch: [51][0/1], lr: 0.00010	Time 3.749 (3.749)	Data 3.581 (3.581)	Loss 2.2160 (2.2160)	Prec@1 2.216 (2.216)	Prec@5 2.216 (2.216)
Epoch: [52][0/1], lr: 0.00010	Time 3.628 (3.628)	Data 3.464 (3.464)	Loss 2.2064 (2.2064)	Prec@1 2.206 (2.206)	Prec@5 2.206 (2.206)
Epoch: [53][0/1], lr: 0.00010	Time 3.594 (3.594)	Data 3.434 (3.434)	Loss 2.2176 (2.2176)	Prec@1 2.218 (2.218)	Prec@5 2.218 (2.218)
Epoch: [54][0/1], lr: 0.00010	Time 3.631 (3.631)	Data 3.467 (3.467)	Loss 2.2183 (2.2183)	Prec@1 2.218 (2.218)	Prec@5 2.218 (2.218)
Test: [0/1]	Time 2.969 (2.969)	Loss 2.2059 (2.2059)	Prec@1 2.206 (2.206)	Prec@5 2.206 (2.206)
Testing Results: Prec@1 2.206 Prec@5 2.206 Loss 2.20592 
Best Prec@1: 2.299
Epoch: [55][0/1], lr: 0.00010	Time 3.622 (3.622)	Data 3.458 (3.458)	Loss 2.2157 (2.2157)	Prec@1 2.216 (2.216)	Prec@5 2.216 (2.216)
Epoch: [56][0/1], lr: 0.00010	Time 3.610 (3.610)	Data 3.445 (3.445)	Loss 2.2104 (2.2104)	Prec@1 2.210 (2.210)	Prec@5 2.210 (2.210)
Epoch: [57][0/1], lr: 0.00010	Time 3.593 (3.593)	Data 3.428 (3.428)	Loss 2.2072 (2.2072)	Prec@1 2.207 (2.207)	Prec@5 2.207 (2.207)
Epoch: [58][0/1], lr: 0.00010	Time 3.748 (3.748)	Data 3.582 (3.582)	Loss 2.2066 (2.2066)	Prec@1 2.207 (2.207)	Prec@5 2.207 (2.207)
Epoch: [59][0/1], lr: 0.00010	Time 3.617 (3.617)	Data 3.452 (3.452)	Loss 2.2046 (2.2046)	Prec@1 2.205 (2.205)	Prec@5 2.205 (2.205)
Test: [0/1]	Time 2.833 (2.833)	Loss 2.2049 (2.2049)	Prec@1 2.205 (2.205)	Prec@5 2.205 (2.205)
Testing Results: Prec@1 2.205 Prec@5 2.205 Loss 2.20486 
Best Prec@1: 2.299
Epoch: [60][0/1], lr: 0.00010	Time 3.616 (3.616)	Data 3.443 (3.443)	Loss 2.2131 (2.2131)	Prec@1 2.213 (2.213)	Prec@5 2.213 (2.213)
Epoch: [61][0/1], lr: 0.00010	Time 3.859 (3.859)	Data 3.698 (3.698)	Loss 2.2096 (2.2096)	Prec@1 2.210 (2.210)	Prec@5 2.210 (2.210)
Epoch: [62][0/1], lr: 0.00010	Time 3.633 (3.633)	Data 3.468 (3.468)	Loss 2.2085 (2.2085)	Prec@1 2.209 (2.209)	Prec@5 2.209 (2.209)
Epoch: [63][0/1], lr: 0.00010	Time 3.635 (3.635)	Data 3.470 (3.470)	Loss 2.2067 (2.2067)	Prec@1 2.207 (2.207)	Prec@5 2.207 (2.207)
Epoch: [64][0/1], lr: 0.00010	Time 3.641 (3.641)	Data 3.476 (3.476)	Loss 2.2070 (2.2070)	Prec@1 2.207 (2.207)	Prec@5 2.207 (2.207)
Test: [0/1]	Time 2.914 (2.914)	Loss 2.2036 (2.2036)	Prec@1 2.204 (2.204)	Prec@5 2.204 (2.204)
Testing Results: Prec@1 2.204 Prec@5 2.204 Loss 2.20363 
Best Prec@1: 2.299
Epoch: [65][0/1], lr: 0.00010	Time 3.609 (3.609)	Data 3.443 (3.443)	Loss 2.1982 (2.1982)	Prec@1 2.198 (2.198)	Prec@5 2.198 (2.198)
Epoch: [66][0/1], lr: 0.00010	Time 3.612 (3.612)	Data 3.448 (3.448)	Loss 2.2088 (2.2088)	Prec@1 2.209 (2.209)	Prec@5 2.209 (2.209)
Epoch: [67][0/1], lr: 0.00010	Time 3.639 (3.639)	Data 3.477 (3.477)	Loss 2.2033 (2.2033)	Prec@1 2.203 (2.203)	Prec@5 2.203 (2.203)
Epoch: [68][0/1], lr: 0.00010	Time 3.712 (3.712)	Data 3.546 (3.546)	Loss 2.2059 (2.2059)	Prec@1 2.206 (2.206)	Prec@5 2.206 (2.206)
Epoch: [69][0/1], lr: 0.00010	Time 3.643 (3.643)	Data 3.479 (3.479)	Loss 2.2094 (2.2094)	Prec@1 2.209 (2.209)	Prec@5 2.209 (2.209)
Test: [0/1]	Time 2.858 (2.858)	Loss 2.2026 (2.2026)	Prec@1 2.203 (2.203)	Prec@5 2.203 (2.203)
Testing Results: Prec@1 2.203 Prec@5 2.203 Loss 2.20256 
Best Prec@1: 2.299
Epoch: [70][0/1], lr: 0.00010	Time 3.627 (3.627)	Data 3.463 (3.463)	Loss 2.2018 (2.2018)	Prec@1 2.202 (2.202)	Prec@5 2.202 (2.202)
Epoch: [71][0/1], lr: 0.00010	Time 3.679 (3.679)	Data 3.513 (3.513)	Loss 2.2059 (2.2059)	Prec@1 2.206 (2.206)	Prec@5 2.206 (2.206)
Epoch: [72][0/1], lr: 0.00010	Time 3.647 (3.647)	Data 3.485 (3.485)	Loss 2.2042 (2.2042)	Prec@1 2.204 (2.204)	Prec@5 2.204 (2.204)
Epoch: [73][0/1], lr: 0.00010	Time 3.617 (3.617)	Data 3.451 (3.451)	Loss 2.2193 (2.2193)	Prec@1 2.219 (2.219)	Prec@5 2.219 (2.219)
Epoch: [74][0/1], lr: 0.00010	Time 3.619 (3.619)	Data 3.453 (3.453)	Loss 2.2030 (2.2030)	Prec@1 2.203 (2.203)	Prec@5 2.203 (2.203)
Test: [0/1]	Time 2.878 (2.878)	Loss 2.2014 (2.2014)	Prec@1 2.201 (2.201)	Prec@5 2.201 (2.201)
Testing Results: Prec@1 2.201 Prec@5 2.201 Loss 2.20136 
Best Prec@1: 2.299
Epoch: [75][0/1], lr: 0.00010	Time 3.630 (3.630)	Data 3.465 (3.465)	Loss 2.1991 (2.1991)	Prec@1 2.199 (2.199)	Prec@5 2.199 (2.199)
Epoch: [76][0/1], lr: 0.00010	Time 3.619 (3.619)	Data 3.457 (3.457)	Loss 2.2078 (2.2078)	Prec@1 2.208 (2.208)	Prec@5 2.208 (2.208)
Epoch: [77][0/1], lr: 0.00010	Time 3.628 (3.628)	Data 3.463 (3.463)	Loss 2.1996 (2.1996)	Prec@1 2.200 (2.200)	Prec@5 2.200 (2.200)
Epoch: [78][0/1], lr: 0.00010	Time 3.660 (3.660)	Data 3.496 (3.496)	Loss 2.1926 (2.1926)	Prec@1 2.193 (2.193)	Prec@5 2.193 (2.193)
Epoch: [79][0/1], lr: 0.00010	Time 3.629 (3.629)	Data 3.463 (3.463)	Loss 2.2075 (2.2075)	Prec@1 2.208 (2.208)	Prec@5 2.208 (2.208)
Test: [0/1]	Time 2.846 (2.846)	Loss 2.2000 (2.2000)	Prec@1 2.200 (2.200)	Prec@5 2.200 (2.200)
Testing Results: Prec@1 2.200 Prec@5 2.200 Loss 2.20002 
Best Prec@1: 2.299
Epoch: [80][0/1], lr: 0.00010	Time 3.626 (3.626)	Data 3.460 (3.460)	Loss 2.2060 (2.2060)	Prec@1 2.206 (2.206)	Prec@5 2.206 (2.206)
Epoch: [81][0/1], lr: 0.00010	Time 3.649 (3.649)	Data 3.484 (3.484)	Loss 2.2029 (2.2029)	Prec@1 2.203 (2.203)	Prec@5 2.203 (2.203)
Epoch: [82][0/1], lr: 0.00010	Time 3.607 (3.607)	Data 3.446 (3.446)	Loss 2.2033 (2.2033)	Prec@1 2.203 (2.203)	Prec@5 2.203 (2.203)
Epoch: [83][0/1], lr: 0.00010	Time 3.616 (3.616)	Data 3.450 (3.450)	Loss 2.2114 (2.2114)	Prec@1 2.211 (2.211)	Prec@5 2.211 (2.211)
Epoch: [84][0/1], lr: 0.00010	Time 3.620 (3.620)	Data 3.456 (3.456)	Loss 2.1988 (2.1988)	Prec@1 2.199 (2.199)	Prec@5 2.199 (2.199)
Test: [0/1]	Time 2.859 (2.859)	Loss 2.1987 (2.1987)	Prec@1 2.199 (2.199)	Prec@5 2.199 (2.199)
Testing Results: Prec@1 2.199 Prec@5 2.199 Loss 2.19867 
Best Prec@1: 2.299
Epoch: [85][0/1], lr: 0.00010	Time 3.625 (3.625)	Data 3.461 (3.461)	Loss 2.1953 (2.1953)	Prec@1 2.195 (2.195)	Prec@5 2.195 (2.195)
Epoch: [86][0/1], lr: 0.00010	Time 3.635 (3.635)	Data 3.473 (3.473)	Loss 2.1982 (2.1982)	Prec@1 2.198 (2.198)	Prec@5 2.198 (2.198)
Epoch: [87][0/1], lr: 0.00010	Time 3.635 (3.635)	Data 3.461 (3.461)	Loss 2.2035 (2.2035)	Prec@1 2.204 (2.204)	Prec@5 2.204 (2.204)
Epoch: [88][0/1], lr: 0.00010	Time 3.606 (3.606)	Data 3.443 (3.443)	Loss 2.1965 (2.1965)	Prec@1 2.196 (2.196)	Prec@5 2.196 (2.196)
Epoch: [89][0/1], lr: 0.00010	Time 3.605 (3.605)	Data 3.443 (3.443)	Loss 2.2015 (2.2015)	Prec@1 2.201 (2.201)	Prec@5 2.201 (2.201)
Test: [0/1]	Time 2.841 (2.841)	Loss 2.1975 (2.1975)	Prec@1 2.198 (2.198)	Prec@5 2.198 (2.198)
Testing Results: Prec@1 2.198 Prec@5 2.198 Loss 2.19754 
Best Prec@1: 2.299
Epoch: [90][0/1], lr: 0.00010	Time 3.600 (3.600)	Data 3.436 (3.436)	Loss 2.2009 (2.2009)	Prec@1 2.201 (2.201)	Prec@5 2.201 (2.201)
Epoch: [91][0/1], lr: 0.00010	Time 3.611 (3.611)	Data 3.435 (3.435)	Loss 2.2062 (2.2062)	Prec@1 2.206 (2.206)	Prec@5 2.206 (2.206)
Epoch: [92][0/1], lr: 0.00010	Time 3.615 (3.615)	Data 3.448 (3.448)	Loss 2.2073 (2.2073)	Prec@1 2.207 (2.207)	Prec@5 2.207 (2.207)
Epoch: [93][0/1], lr: 0.00010	Time 3.616 (3.616)	Data 3.453 (3.453)	Loss 2.2019 (2.2019)	Prec@1 2.202 (2.202)	Prec@5 2.202 (2.202)
Epoch: [94][0/1], lr: 0.00010	Time 3.675 (3.675)	Data 3.510 (3.510)	Loss 2.1991 (2.1991)	Prec@1 2.199 (2.199)	Prec@5 2.199 (2.199)
Test: [0/1]	Time 2.852 (2.852)	Loss 2.1961 (2.1961)	Prec@1 2.196 (2.196)	Prec@5 2.196 (2.196)
Testing Results: Prec@1 2.196 Prec@5 2.196 Loss 2.19613 
Best Prec@1: 2.299
Epoch: [95][0/1], lr: 0.00010	Time 3.625 (3.625)	Data 3.461 (3.461)	Loss 2.2015 (2.2015)	Prec@1 2.201 (2.201)	Prec@5 2.201 (2.201)
Epoch: [96][0/1], lr: 0.00010	Time 3.627 (3.627)	Data 3.463 (3.463)	Loss 2.1912 (2.1912)	Prec@1 2.191 (2.191)	Prec@5 2.191 (2.191)
Epoch: [97][0/1], lr: 0.00010	Time 3.685 (3.685)	Data 3.521 (3.521)	Loss 2.1969 (2.1969)	Prec@1 2.197 (2.197)	Prec@5 2.197 (2.197)
Epoch: [98][0/1], lr: 0.00010	Time 3.613 (3.613)	Data 3.448 (3.448)	Loss 2.2010 (2.2010)	Prec@1 2.201 (2.201)	Prec@5 2.201 (2.201)
Epoch: [99][0/1], lr: 0.00010	Time 3.630 (3.630)	Data 3.465 (3.465)	Loss 2.1975 (2.1975)	Prec@1 2.197 (2.197)	Prec@5 2.197 (2.197)
Test: [0/1]	Time 2.867 (2.867)	Loss 2.1949 (2.1949)	Prec@1 2.195 (2.195)	Prec@5 2.195 (2.195)
Testing Results: Prec@1 2.195 Prec@5 2.195 Loss 2.19488 
Best Prec@1: 2.299
Epoch: [100][0/1], lr: 0.00001	Time 3.680 (3.680)	Data 3.515 (3.515)	Loss 2.1869 (2.1869)	Prec@1 2.187 (2.187)	Prec@5 2.187 (2.187)
Epoch: [101][0/1], lr: 0.00001	Time 3.743 (3.743)	Data 3.576 (3.576)	Loss 2.1930 (2.1930)	Prec@1 2.193 (2.193)	Prec@5 2.193 (2.193)
Epoch: [102][0/1], lr: 0.00001	Time 3.636 (3.636)	Data 3.469 (3.469)	Loss 2.2046 (2.2046)	Prec@1 2.205 (2.205)	Prec@5 2.205 (2.205)
Epoch: [103][0/1], lr: 0.00001	Time 3.620 (3.620)	Data 3.452 (3.452)	Loss 2.1970 (2.1970)	Prec@1 2.197 (2.197)	Prec@5 2.197 (2.197)
Epoch: [104][0/1], lr: 0.00001	Time 3.744 (3.744)	Data 3.579 (3.579)	Loss 2.1994 (2.1994)	Prec@1 2.199 (2.199)	Prec@5 2.199 (2.199)
Test: [0/1]	Time 2.852 (2.852)	Loss 2.1948 (2.1948)	Prec@1 2.195 (2.195)	Prec@5 2.195 (2.195)
Testing Results: Prec@1 2.195 Prec@5 2.195 Loss 2.19481 
Best Prec@1: 2.299
Epoch: [105][0/1], lr: 0.00001	Time 3.605 (3.605)	Data 3.440 (3.440)	Loss 2.1980 (2.1980)	Prec@1 2.198 (2.198)	Prec@5 2.198 (2.198)
Epoch: [106][0/1], lr: 0.00001	Time 3.646 (3.646)	Data 3.482 (3.482)	Loss 2.1953 (2.1953)	Prec@1 2.195 (2.195)	Prec@5 2.195 (2.195)
Epoch: [107][0/1], lr: 0.00001	Time 3.714 (3.714)	Data 3.558 (3.558)	Loss 2.2031 (2.2031)	Prec@1 2.203 (2.203)	Prec@5 2.203 (2.203)
Epoch: [108][0/1], lr: 0.00001	Time 3.610 (3.610)	Data 3.443 (3.443)	Loss 2.2014 (2.2014)	Prec@1 2.201 (2.201)	Prec@5 2.201 (2.201)
Epoch: [109][0/1], lr: 0.00001	Time 3.618 (3.618)	Data 3.454 (3.454)	Loss 2.1936 (2.1936)	Prec@1 2.194 (2.194)	Prec@5 2.194 (2.194)
Test: [0/1]	Time 2.875 (2.875)	Loss 2.1946 (2.1946)	Prec@1 2.195 (2.195)	Prec@5 2.195 (2.195)
Testing Results: Prec@1 2.195 Prec@5 2.195 Loss 2.19459 
Best Prec@1: 2.299
Epoch: [110][0/1], lr: 0.00001	Time 3.726 (3.726)	Data 3.560 (3.560)	Loss 2.2006 (2.2006)	Prec@1 2.201 (2.201)	Prec@5 2.201 (2.201)
Epoch: [111][0/1], lr: 0.00001	Time 3.630 (3.630)	Data 3.466 (3.466)	Loss 2.1914 (2.1914)	Prec@1 2.191 (2.191)	Prec@5 2.191 (2.191)
Epoch: [112][0/1], lr: 0.00001	Time 3.624 (3.624)	Data 3.461 (3.461)	Loss 2.2033 (2.2033)	Prec@1 2.203 (2.203)	Prec@5 2.203 (2.203)
Epoch: [113][0/1], lr: 0.00001	Time 3.931 (3.931)	Data 3.759 (3.759)	Loss 2.2013 (2.2013)	Prec@1 2.201 (2.201)	Prec@5 2.201 (2.201)
Epoch: [114][0/1], lr: 0.00001	Time 4.065 (4.065)	Data 3.902 (3.902)	Loss 2.1912 (2.1912)	Prec@1 2.191 (2.191)	Prec@5 2.191 (2.191)
Test: [0/1]	Time 3.115 (3.115)	Loss 2.1947 (2.1947)	Prec@1 2.195 (2.195)	Prec@5 2.195 (2.195)
Testing Results: Prec@1 2.195 Prec@5 2.195 Loss 2.19465 
Best Prec@1: 2.299
Epoch: [115][0/1], lr: 0.00001	Time 3.604 (3.604)	Data 3.440 (3.440)	Loss 2.1988 (2.1988)	Prec@1 2.199 (2.199)	Prec@5 2.199 (2.199)
Epoch: [116][0/1], lr: 0.00001	Time 3.612 (3.612)	Data 3.451 (3.451)	Loss 2.1948 (2.1948)	Prec@1 2.195 (2.195)	Prec@5 2.195 (2.195)
Epoch: [117][0/1], lr: 0.00001	Time 3.712 (3.712)	Data 3.546 (3.546)	Loss 2.1901 (2.1901)	Prec@1 2.190 (2.190)	Prec@5 2.190 (2.190)
Epoch: [118][0/1], lr: 0.00001	Time 3.629 (3.629)	Data 3.467 (3.467)	Loss 2.1983 (2.1983)	Prec@1 2.198 (2.198)	Prec@5 2.198 (2.198)
Epoch: [119][0/1], lr: 0.00001	Time 3.633 (3.633)	Data 3.468 (3.468)	Loss 2.1999 (2.1999)	Prec@1 2.200 (2.200)	Prec@5 2.200 (2.200)
Test: [0/1]	Time 2.845 (2.845)	Loss 2.1943 (2.1943)	Prec@1 2.194 (2.194)	Prec@5 2.194 (2.194)
Testing Results: Prec@1 2.194 Prec@5 2.194 Loss 2.19433 
Best Prec@1: 2.299
